...1,pID,PWB autonomy,PWB environmental_mastery,PWB mean,PWB personal_growth,PWB positive_relations,PWB purpose,PWB self_acceptance,SWLS mean,SelfAcceptance_gpt,PositiveRelations_gpt,gpt,EnvironmentalMastery_gpt,PurposeInLife_gpt,PersonalGrowth_gpt,SWLS_gpt,PWB_gpt
0,WBP001,6.66666666666667,5.66666666666667,5.38888888888889,5.66666666666667,6.66666666666667,5,2.66666666666667,1.2,5,3,6,4,4,5,4,4.428571428571429
1,WBP002,6.33333333333333,6.66666666666667,5.44444444444444,6,3.66666666666667,3.66666666666667,6.33333333333333,5.6,7,2,7,6,5,6,7,5.714285714285714
2,WBP003,3.33333333333333,5,5.38888888888889,6.66666666666667,5.66666666666667,7,4.66666666666667,5.4,2,3,2,2,3,2,2,2.2857142857142856
3,WBP004,6.66666666666667,6.33333333333333,6.27777777777778,7,6,4.66666666666667,7,6.6,4,5,3,3,4,4,4,3.857142857142857
4,WBP005,5,6.33333333333333,6.27777777777778,6.66666666666667,6.66666666666667,6.33333333333333,6.66666666666667,5.8,5,6,4,4,5,6,5,5
5,WBP006,4,5.66666666666667,5.22222222222222,6.33333333333333,5.66666666666667,5.33333333333333,4.33333333333333,3,2,3,2,3,2,3,2,2.4285714285714284
6,WBP007,5.33333333333333,5,4.94444444444444,6.66666666666667,4.66666666666667,5.33333333333333,2.66666666666667,1.6,2,3,2,3,4,2,3,2.7142857142857144
7,WBP008,7,6.66666666666667,6.05555555555556,7,5,4,6.66666666666667,4.4,4,3,6,5,3,4,4,4.142857142857143
8,WBP009,6.33333333333333,3.66666666666667,4.88888888888889,6,3.66666666666667,4,5.66666666666667,3,6,5,7,5,6,7,6,6
9,WBP010,2,2,3.27777777777778,3.33333333333333,2.66666666666667,6.33333333333333,3.33333333333333,3.4,2,4,2,3,3,2,3,2.7142857142857144
10,WBP011,5.66666666666667,5,5,6.33333333333333,4,5,4,2.6,2,1,3,4,4,3,2,2.7142857142857144
11,WBP012,6.33333333333333,5.33333333333333,5.72222222222222,7,4,5.33333333333333,6.33333333333333,5.8,4,2,6,5,4,6,5,4.571428571428571
12,WBP013,6,5,5.22222222222222,5.33333333333333,6.33333333333333,3.66666666666667,5,5.4,4,5,6,4,3,4,4,4.285714285714286
13,WBP014,6.66666666666667,4.66666666666667,5.5,6.66666666666667,6,4.33333333333333,4.66666666666667,6,5,4,6,4,5,6,5,5
14,WBP015,4,4.66666666666667,5.05555555555556,6,3.66666666666667,6.33333333333333,5.66666666666667,5.4,5,6,6,4,4,6,5,5.142857142857143
15,WBP016,6.33333333333333,4.66666666666667,5.44444444444444,6,4.66666666666667,5.66666666666667,5.33333333333333,4.8,5,4,6,4,3,4,4,4.285714285714286
16,WBP017,3.33333333333333,5,4.22222222222222,4.66666666666667,4,3,5.33333333333333,4,4,5,6,4,5,6,4,4.857142857142857
17,WBP018,3.33333333333333,3,4.5,5.33333333333333,5.33333333333333,5,5,3.8,2,3,1,2,2,2,2,2
18,WBP019,6.33333333333333,6.33333333333333,6.66666666666667,7,6.66666666666667,7,6.66666666666667,7,5,6,3,4,6,4,5,4.714285714285714
19,WBP020,5.33333333333333,6,5.83333333333333,5.33333333333333,6.33333333333333,5,7,6.2,6,7,7,6,6,6,6,6.285714285714286
20,WBP021,6.33333333333333,6.66666666666667,6.55555555555556,6.66666666666667,6.33333333333333,6.33333333333333,7,4.2,6,4,7,5,5,6,6,5.571428571428571
21,WBP022,4,6.33333333333333,5.55555555555556,6.33333333333333,4.33333333333333,6,6.33333333333333,6.6,4,5,6,5,6,5,5,5.142857142857143
22,WBP023,4.66666666666667,6.33333333333333,5.83333333333333,4.66666666666667,6,6.33333333333333,7,6.4,2,3,1,2,2,2,2,2
23,WBP024,7,3,5.38888888888889,6.66666666666667,5.66666666666667,5.33333333333333,4.66666666666667,1.6,2,3,4,3,2,3,3,2.857142857142857
24,WBP025,3.33333333333333,5,3.66666666666667,4,2.66666666666667,5.66666666666667,1.33333333333333,2,2,3,4,3,2,4,3,3
25,WBP026,5.33333333333333,4.66666666666667,5.11111111111111,6.33333333333333,5.33333333333333,4,5,5,3,4,2,2,3,3,3,2.857142857142857
26,WBP027,5,7,5.83333333333333,7,5,4,7,6.8,5,6,4,4,5,5,5,4.857142857142857
27,WBP028,6.66666666666667,6,6,5.33333333333333,7,4,7,6.2,6,2,7,5,6,7,6,5.571428571428571
28,WBP029,4,4,4,4,4,4,4,4,4,5,3,3,3,4,4,3.7142857142857144
29,WBP030,6.33333333333333,3,5.16666666666667,6.33333333333333,4.33333333333333,6.33333333333333,4.66666666666667,2.4,5,2,7,4,6,5,4,4.714285714285714
30,WBP031,6.66666666666667,7,6.61111111111111,6,7,6.33333333333333,6.66666666666667,6,5,3,6,4,4,5,4,4.428571428571429
31,WBP032,6,5,5.61111111111111,6.66666666666667,4,6.33333333333333,5.66666666666667,4.8,5,2,7,6,4,5,6,5
32,WBP033,4.66666666666667,6,5.66666666666667,5.33333333333333,6.33333333333333,5.66666666666667,6,6.2,5,3,4,3,4,5,4,4
33,WBP034,6,5,5.44444444444444,7,4.33333333333333,5.33333333333333,5,3.2,5,4,6,4,5,6,5,5
34,WBP035,4.66666666666667,6,5.33333333333333,6.33333333333333,5.33333333333333,4.66666666666667,5,5.2,5,6,4,4,4,5,5,4.714285714285714
35,WBP036,5.66666666666667,6,6.11111111111111,6.33333333333333,6.66666666666667,5.66666666666667,6.33333333333333,6,5,4,6,4,3,4,4,4.285714285714286
36,WBP037,4.66666666666667,4,4.05555555555556,4,4,3.33333333333333,4.33333333333333,5,6,5,7,6,6,6,6,6
37,WBP038,3.33333333333333,3.66666666666667,4.38888888888889,5.33333333333333,6,3.33333333333333,4.66666666666667,3.4,2,2,3,2,2,2,2,2.142857142857143
38,WBP039,4.33333333333333,4.66666666666667,5.16666666666667,6,4.33333333333333,5.66666666666667,6,5.8,4,3,5,3,4,4,4,3.857142857142857
39,WBP040,4,4,4,5.66666666666667,3,4,3.33333333333333,5.4,2,3,2,2,3,2,3,2.4285714285714284
40,WBP041,5.66666666666667,3.66666666666667,4.11111111111111,5.66666666666667,2.66666666666667,4,3,2,2,6,3,4,5,3,4,3.857142857142857
41,WBP042,7,6.66666666666667,6.5,7,4.66666666666667,7,6.66666666666667,6.2,5,4,6,5,4,5,4,4.714285714285714
42,WBP043,5.33333333333333,4.33333333333333,5.11111111111111,5.66666666666667,4,5.66666666666667,5.66666666666667,3.8,2,4,2,3,3,2,3,2.7142857142857144
43,WBP044,5.33333333333333,4.66666666666667,4.88888888888889,5.33333333333333,6,3.66666666666667,4.33333333333333,3.2,3,4,5,4,3,4,4,3.857142857142857
44,WBP045,3.66666666666667,6,5.44444444444444,6.66666666666667,5.33333333333333,5.33333333333333,5.66666666666667,5.4,4,3,6,5,3,5,4,4.285714285714286
45,WBP046,6.66666666666667,6.33333333333333,5.88888888888889,6.33333333333333,6.66666666666667,5.33333333333333,4,3.4,5,3,6,4,4,5,4,4.428571428571429
46,WBP047,5.33333333333333,5.33333333333333,5.77777777777778,7,6.33333333333333,4,6.66666666666667,5.2,6,5,7,6,6,6,6,6
47,WBP048,5.33333333333333,4,4.83333333333333,6.33333333333333,4.66666666666667,4,4.66666666666667,5,3,6,2,4,5,3,4,3.857142857142857
48,WBP049,4.33333333333333,3,3.61111111111111,5,3,3.33333333333333,3,2.6,2,2,6,3,3,2,2,2.857142857142857
49,WBP050,7,6.33333333333333,6.44444444444444,7,6.66666666666667,5.33333333333333,6.33333333333333,5.4,6,5,7,6,6,6,6,6
50,WBP051,6.66666666666667,6.66666666666667,6.22222222222222,6.33333333333333,6.33333333333333,4.66666666666667,6.66666666666667,5.8,4,6,3,5,4,4,5,4.428571428571429
51,WBP052,5.33333333333333,4.66666666666667,5.11111111111111,6.33333333333333,3.66666666666667,5.66666666666667,5,3.6,2,3,4,3,2,3,3,2.857142857142857
52,WBP053,6.66666666666667,6.66666666666667,6.61111111111111,7,7,5.33333333333333,7,5,6,2,7,5,4,5,4,4.714285714285714
53,WBP054,3.33333333333333,3,4.05555555555556,5,3.33333333333333,5.66666666666667,4,3,4,5,6,5,4,5,4,4.714285714285714
54,WBP055,4.33333333333333,6,5.88888888888889,6.33333333333333,6.66666666666667,6,6,4.8,2,3,2,2,2,3,2,2.2857142857142856
55,WBP056,4.66666666666667,4.66666666666667,4.22222222222222,4.33333333333333,3,3.66666666666667,5,6,5,6,7,5,6,6,6,5.857142857142857
56,WBP057,6.66666666666667,5.33333333333333,6.11111111111111,7,6.33333333333333,4.66666666666667,6.66666666666667,6.4,2,1,3,2,2,2,2,2
57,WBP058,4.33333333333333,4.66666666666667,4.11111111111111,5.33333333333333,3,3.66666666666667,3.66666666666667,3.4,2,3,4,3,3,3,3,3
58,WBP059,6,4,5.11111111111111,6.33333333333333,5.33333333333333,4.66666666666667,4.33333333333333,3.4,5,3,6,4,4,4,4,4.285714285714286
59,WBP060,1.33333333333333,2.33333333333333,3.22222222222222,4.66666666666667,4.33333333333333,5,1.66666666666667,4.2,2,1,2,1,2,2,2,1.7142857142857142
60,WBP061,3.33333333333333,4.66666666666667,5.44444444444444,7,6,6.66666666666667,5,5.4,4,5,6,5,4,6,4,4.857142857142857
61,WBP062,7,7,7,7,7,7,7,6.2,3,6,2,4,5,3,4,3.857142857142857
62,WBP063,5.33333333333333,2.33333333333333,4.05555555555556,4.33333333333333,4.66666666666667,4.33333333333333,3.33333333333333,3.2,2,4,5,3,3,2,3,3.142857142857143
63,WBP064,7,5,5.38888888888889,5.66666666666667,6,4,4.66666666666667,5.2,5,4,6,4,7,6,5,5.285714285714286
64,WBP065,4.33333333333333,2,3.44444444444444,6,3.33333333333333,3.66666666666667,1.33333333333333,1.6,2,3,2,2,2,2,2,2.142857142857143
65,WBP066,3.66666666666667,4.33333333333333,4.33333333333333,5.66666666666667,3,5.33333333333333,4,3.8,2,3,2,2,3,2,2,2.2857142857142856
66,WBP067,5.33333333333333,5.33333333333333,5.72222222222222,6.66666666666667,5.66666666666667,5.66666666666667,5.66666666666667,6,6,5,3,4,4,5,5,4.571428571428571
67,WBP068,4.66666666666667,6.33333333333333,5,5,4.33333333333333,4.66666666666667,5,5.6,2,3,2,2,3,2,2,2.2857142857142856
68,WBP069,4.33333333333333,5.33333333333333,5.61111111111111,6.33333333333333,5.66666666666667,5.33333333333333,6.66666666666667,6.6,5,6,4,4,5,5,5,4.857142857142857
69,WBP070,7,7,6.72222222222222,7,7,5.33333333333333,7,7,6,2,7,5,7,6,6,5.571428571428571
70,WBP071,4.66666666666667,4,4.27777777777778,4,4.33333333333333,4,4.66666666666667,5.2,6,5,6,5,6,6,6,5.714285714285714
71,WBP072,6,4.66666666666667,5.05555555555556,5.66666666666667,4.66666666666667,4.66666666666667,4.66666666666667,2.6,4,5,6,3,3,5,4,4.285714285714286
72,WBP073,7,4.33333333333333,5.88888888888889,4.33333333333333,6.66666666666667,6.33333333333333,6.66666666666667,5.2,5,3,6,4,5,4,4,4.428571428571429
73,WBP074,5.33333333333333,6.33333333333333,6.11111111111111,6.66666666666667,6.33333333333333,6.66666666666667,5.33333333333333,4.8,4,3,5,4,4,5,4,4.142857142857143
74,WBP075,7,5.33333333333333,5.27777777777778,6.66666666666667,3.66666666666667,5,4,5.2,6,2,7,5,4,5,6,5
75,WBP076,5.33333333333333,4,4.88888888888889,6,4.66666666666667,5.33333333333333,4,5.4,6,5,7,6,5,6,6,5.857142857142857
76,WBP077,5.66666666666667,6.66666666666667,6.22222222222222,7,5.66666666666667,6,6.33333333333333,3,6,6,7,6,7,7,6,6.428571428571429
77,WBP078,4,5.33333333333333,5.33333333333333,6,5.33333333333333,4.66666666666667,6.66666666666667,6.2,2,2,1,2,2,2,2,1.8571428571428572
78,WBP079,4.66666666666667,3.66666666666667,4.22222222222222,4.66666666666667,3.33333333333333,5.33333333333333,3.66666666666667,2.8,2,4,3,2,3,3,3,2.857142857142857
79,WBP080,4.66666666666667,4.33333333333333,4.66666666666667,4.33333333333333,5,4.66666666666667,5,4.6,5,6,4,4,5,5,5,4.857142857142857
80,WBP081,2.33333333333333,5,4.66666666666667,5.33333333333333,5.66666666666667,3.33333333333333,6.33333333333333,5.8,4,6,5,6,5,6,5,5.285714285714286
81,WBP082,7,4.66666666666667,5.55555555555556,6,5.66666666666667,7,3,2.2,5,6,7,6,5,6,6,5.857142857142857
82,WBP083,6.66666666666667,2.33333333333333,4.5,5,4.66666666666667,5,3.33333333333333,2.8,3,2,6,4,3,4,3,3.5714285714285716
83,WBP084,7,6.33333333333333,5.88888888888889,7,5,3,7,7,5,6,7,4,6,5,5,5.428571428571429
84,WBP085,3.66666666666667,4.33333333333333,4.16666666666667,5.33333333333333,4.33333333333333,4.66666666666667,2.66666666666667,3.4,3,2,2,3,2,3,3,2.5714285714285716
85,WBP086,6.33333333333333,4,5.11111111111111,5.66666666666667,6.33333333333333,4,4.33333333333333,6.2,5,4,6,4,3,4,4,4.285714285714286
86,WBP087,3.66666666666667,6,5.5,7,6,5.66666666666667,4.66666666666667,4.8,3,6,4,2,3,4,3,3.5714285714285716
87,WBP088,3.66666666666667,3.66666666666667,4.33333333333333,4.66666666666667,4.33333333333333,3.33333333333333,6.33333333333333,5.4,2,3,2,3,4,4,3,3
88,WBP089,5,6.66666666666667,5.94444444444444,6.33333333333333,4.66666666666667,6.66666666666667,6.33333333333333,7,2,5,3,4,3,4,3,3.4285714285714284
89,WBP090,5,5,5.66666666666667,6.33333333333333,6.33333333333333,5.66666666666667,5.66666666666667,5.4,5,6,4,3,4,5,4,4.428571428571429
90,WBP091,6.66666666666667,7,6.77777777777778,7,6.66666666666667,6.66666666666667,6.66666666666667,5,2,4,3,4,5,4,3,3.5714285714285716
91,WBP092,5.66666666666667,4.66666666666667,4.83333333333333,6.66666666666667,3.33333333333333,3.66666666666667,5,4.4,4,6,5,4,3,4,4,4.285714285714286
92,WBP093,5.66666666666667,4.33333333333333,5.27777777777778,5,4,6,6.66666666666667,5.6,2,5,1,2,3,2,3,2.5714285714285716
93,WBP094,7,5.33333333333333,6.38888888888889,6.66666666666667,7,5.33333333333333,7,6.6,5,6,4,3,4,4,4,4.285714285714286
94,WBP095,6.66666666666667,7,6.55555555555556,7,6.33333333333333,5.33333333333333,7,6.6,5,3,7,6,4,5,4,4.857142857142857
95,WBP096,5.66666666666667,6.33333333333333,5.83333333333333,5.33333333333333,6.66666666666667,5,6,5.8,6,2,7,5,4,5,4,4.714285714285714
96,WBP097,4.33333333333333,3,3.77777777777778,4,3.33333333333333,3.33333333333333,4.66666666666667,3,2,5,3,2,4,3,3,3.142857142857143
97,WBP098,7,5,4.61111111111111,4.66666666666667,3.33333333333333,3.66666666666667,4,3.8,2,3,4,5,3,4,3,3.4285714285714284
98,WBP099,6,5.33333333333333,5.72222222222222,5.66666666666667,5.66666666666667,7,4.66666666666667,4.8,2,3,2,2,3,2,2,2.2857142857142856
99,WBP100,5.33333333333333,3.33333333333333,4.11111111111111,5.33333333333333,5.66666666666667,2.33333333333333,2.66666666666667,2,3,4,5,4,4,5,3,4
100,WBP101,5,4,4.88888888888889,5.66666666666667,4,5,5.66666666666667,5.8,3,5,2,4,4,3,4,3.5714285714285716
101,WBP102,5.33333333333333,5,5.16666666666667,5.33333333333333,4,6.66666666666667,4.66666666666667,3.6,6,5,7,5,6,7,6,6
102,WBP103,5,4.33333333333333,5.44444444444444,6.33333333333333,6,5.66666666666667,5.33333333333333,4.6,2,3,2,3,3,2,3,2.5714285714285716
103,WBP104,7,5.33333333333333,6.22222222222222,7,6.66666666666667,5.66666666666667,5.66666666666667,4.6,5,6,7,6,4,5,6,5.571428571428571
104,WBP105,5,5,5.55555555555556,6.33333333333333,6.33333333333333,5.33333333333333,5.33333333333333,4.6,2,3,2,2,2,3,2,2.2857142857142856
105,WBP106,7,5,6.16666666666667,6,6.66666666666667,6.33333333333333,6,5.4,6,3,7,5,4,5,6,5.142857142857143
106,WBP107,5.33333333333333,5.33333333333333,5.16666666666667,6,3,6.33333333333333,5,3.4,6,4,7,5,7,6,6,5.857142857142857
107,WBP108,7,6.33333333333333,6.33333333333333,6.66666666666667,5.33333333333333,5.66666666666667,7,6.8,6,5,7,6,5,6,6,5.857142857142857
108,WBP109,4.33333333333333,3.33333333333333,4.55555555555556,5.33333333333333,5.33333333333333,5,4,2.6,2,3,2,2,2,3,2,2.2857142857142856
109,WBP110,4,2.33333333333333,4.5,6.33333333333333,4.66666666666667,5.33333333333333,4.33333333333333,5.4,2,3,2,2,3,3,2,2.4285714285714284
110,WBP111,7,6.33333333333333,5.94444444444444,7,3.33333333333333,5.33333333333333,6.66666666666667,4.6,3,6,2,4,5,3,4,3.857142857142857
111,WBP112,6.66666666666667,6,6.44444444444444,7,6.66666666666667,5.33333333333333,7,7,5,6,6,4,4,5,4,4.857142857142857
112,WBP113,6.66666666666667,7,6.55555555555556,6.33333333333333,7,5.33333333333333,7,5.4,5,6,7,4,6,5,6,5.571428571428571
113,WBP114,5.66666666666667,6.66666666666667,5.44444444444444,6.33333333333333,4.33333333333333,3.33333333333333,6.33333333333333,6,6,3,7,5,4,6,5,5.142857142857143
114,WBP115,6,6,5.66666666666667,6,5.66666666666667,5.66666666666667,4.66666666666667,4.6,2,3,2,2,3,3,3,2.5714285714285716
115,WBP116,7,7,6.88888888888889,6.66666666666667,7,6.66666666666667,7,6.8,5,4,6,4,4,5,5,4.714285714285714
116,WBP117,6.33333333333333,6.66666666666667,5.88888888888889,4.66666666666667,6,5.33333333333333,6.33333333333333,6,5,3,6,4,4,5,4,4.428571428571429
117,WBP118,4,5,4.66666666666667,6,6,4.33333333333333,2.66666666666667,2.4,1,2,2,1,2,1,1,1.4285714285714286
118,WBP119,6.66666666666667,4,5.72222222222222,6.66666666666667,5.66666666666667,6,5.33333333333333,6,4,3,5,3,4,4,3,3.7142857142857144
119,WBP120,5.66666666666667,6.33333333333333,5.83333333333333,5.33333333333333,6.33333333333333,5.33333333333333,6,5.2,4,6,5,4,3,4,5,4.428571428571429
120,WBP121,5,3.33333333333333,3.94444444444444,4.33333333333333,3.66666666666667,3,4.33333333333333,6.4,5,4,6,4,4,5,4,4.571428571428571
121,WBP122,2.66666666666667,5,3.66666666666667,5.33333333333333,3.66666666666667,2.33333333333333,3,5,2,5,2,3,3,2,3,2.857142857142857
122,WBP123,6,5.66666666666667,5.88888888888889,6.66666666666667,4.66666666666667,6.33333333333333,6,5.6,4,5,6,5,4,5,5,4.857142857142857
123,WBP124,6,5.33333333333333,5.22222222222222,4.66666666666667,4.66666666666667,5.66666666666667,5,5.2,4,2,5,3,3,2,3,3.142857142857143
124,WBP125,6.66666666666667,3,4.61111111111111,5.66666666666667,5.66666666666667,4.66666666666667,2,2.2,5,2,6,4,3,4,4,4
125,WBP126,6.66666666666667,6.66666666666667,6.27777777777778,6.66666666666667,4.33333333333333,6.66666666666667,6.66666666666667,6.6,5,4,6,4,4,5,4,4.571428571428571
126,WBP127,5.66666666666667,5.66666666666667,5.77777777777778,5.66666666666667,5.66666666666667,6.33333333333333,5.66666666666667,6,5,3,6,4,4,5,5,4.571428571428571
127,WBP128,7,6,6.33333333333333,6,6.66666666666667,6.33333333333333,6,6.4,6,5,7,6,6,6,7,6.142857142857143
128,WBP129,6,3.66666666666667,5.55555555555556,6.66666666666667,6.33333333333333,6.66666666666667,4,4.4,2,2,5,3,3,3,3,3
129,WBP130,3.66666666666667,3.66666666666667,4.33333333333333,5.33333333333333,6,4,3.33333333333333,3.8,2,3,1,2,2,2,2,2
130,WBP131,5,2.66666666666667,4.55555555555556,6.66666666666667,3.66666666666667,5.66666666666667,3.66666666666667,2.2,2,3,2,2,3,2,2,2.2857142857142856
131,WBP132,3,5,5.38888888888889,6.66666666666667,6.66666666666667,4.33333333333333,6.66666666666667,6.2,2,3,4,3,2,3,3,2.857142857142857
132,WBP133,6.66666666666667,4,4.77777777777778,7,2.33333333333333,3,5.66666666666667,3.8,5,2,7,4,3,4,3,4
133,WBP134,4.33333333333333,3.33333333333333,4.83333333333333,7,4.33333333333333,5.33333333333333,4.66666666666667,3.8,5,6,4,4,3,4,5,4.428571428571429
134,WBP135,6,5.33333333333333,5.33333333333333,4.66666666666667,6.66666666666667,3.66666666666667,5.66666666666667,6.4,6,5,7,5,4,6,6,5.571428571428571
135,WBP136,6,6.66666666666667,5.94444444444444,5.66666666666667,5,6.33333333333333,6,6,3,4,2,2,3,3,3,2.857142857142857
136,WBP137,6.66666666666667,4,5.16666666666667,6,5.66666666666667,4.33333333333333,4.33333333333333,3.4,2,3,2,2,3,2,2,2.2857142857142856
137,WBP138,7,6.33333333333333,5.94444444444444,5,6.66666666666667,4,6.66666666666667,6.6,5,6,6,6,6,6,6,5.857142857142857
138,WBP139,5,2,4.38888888888889,6.66666666666667,4.33333333333333,5.66666666666667,2.66666666666667,1.4,4,5,6,4,3,5,4,4.428571428571429
139,WBP140,4.66666666666667,5.33333333333333,4.33333333333333,5,3,3,5,6.8,5,6,6,4,5,5,5,5.142857142857143
140,WBP141,6,6.33333333333333,6.05555555555556,7,4.66666666666667,5.66666666666667,6.66666666666667,7,2,3,2,2,3,2,3,2.4285714285714284
141,WBP142,4.66666666666667,4.33333333333333,5.33333333333333,6.66666666666667,4.66666666666667,6.66666666666667,5,5.6,5,4,6,4,3,4,4,4.285714285714286
142,WBP143,3.66666666666667,4.66666666666667,4.77777777777778,6,6,3.66666666666667,4.66666666666667,3.6,2,6,2,3,3,4,3,3.2857142857142856
143,WBP144,6.66666666666667,2.33333333333333,4.22222222222222,3.33333333333333,5,4,4,2.8,4,3,6,4,3,4,3,3.857142857142857
144,WBP145,5.33333333333333,5.66666666666667,5.88888888888889,7,6,4.33333333333333,7,6.2,3,4,5,4,4,4,4,4
145,WBP146,7,1,2.94444444444444,3.66666666666667,2,3,1,1,3,2,5,2,4,3,2,3
146,WBP147,3.66666666666667,4.66666666666667,4.94444444444444,6.66666666666667,5.33333333333333,4.33333333333333,5,4.4,4,5,6,4,5,6,5,5
147,WBP148,4.66666666666667,5.66666666666667,5.55555555555556,7,3.66666666666667,5.66666666666667,6.66666666666667,7,2,5,2,3,3,2,3,2.857142857142857
148,WBP149,6.33333333333333,3,4.55555555555556,5.66666666666667,3.66666666666667,4,4.66666666666667,5,4,3,5,2,4,3,2,3.2857142857142856
149,WBP150,6.66666666666667,5.33333333333333,5.33333333333333,6,2.66666666666667,6,5.33333333333333,5.2,6,5,7,6,6,6,6,6
150,WBP151,5.66666666666667,6.33333333333333,5.77777777777778,7,4.33333333333333,5.33333333333333,6,5.2,3,5,4,3,4,4,3,3.7142857142857144
151,WBP152,3.66666666666667,4.33333333333333,3.83333333333333,2.66666666666667,4.66666666666667,4.33333333333333,3.33333333333333,3.6,4,5,6,5,4,5,4,4.714285714285714
152,WBP153,7,3,5.05555555555556,7,7,3,3.33333333333333,1.6,4,5,3,2,3,4,3,3.4285714285714284
153,WBP154,4.66666666666667,3.66666666666667,3.77777777777778,3.33333333333333,3,3.33333333333333,4.66666666666667,2.8,3,4,5,3,2,4,3,3.4285714285714284
154,WBP155,6.33333333333333,4.66666666666667,5.55555555555556,5.33333333333333,6.33333333333333,5.33333333333333,5.33333333333333,3.8,2,5,2,3,3,2,3,2.857142857142857
155,WBP156,6.33333333333333,6,6.11111111111111,6.33333333333333,5.66666666666667,5.33333333333333,7,6.8,3,6,2,4,3,2,4,3.4285714285714284
156,WBP157,6.66666666666667,4,5.38888888888889,5.66666666666667,6.33333333333333,4.33333333333333,5.33333333333333,5.4,6,3,7,6,5,6,6,5.571428571428571
157,WBP158,6,5.66666666666667,5.33333333333333,5.66666666666667,5.33333333333333,4.33333333333333,5,4.2,4,3,6,5,3,4,4,4.142857142857143
158,WBP159,7,6.33333333333333,6.05555555555556,7,2.33333333333333,6.66666666666667,7,6.8,5,3,6,4,4,5,4,4.428571428571429
159,WBP160,4,4,4.11111111111111,4.33333333333333,4,4,4.33333333333333,4.8,6,4,5,4,5,6,5,5
160,WBP161,7,6.33333333333333,6,6,5,6,5.66666666666667,5.2,4,5,3,3,3,4,4,3.7142857142857144
161,WBP162,5,5,4.61111111111111,5.66666666666667,4.66666666666667,2.33333333333333,5,4.8,3,4,2,3,3,3,3,3
162,WBP163,4,5,4.72222222222222,5,5.66666666666667,3,5.66666666666667,3.8,2,3,4,2,3,2,2,2.5714285714285716
163,WBP164,6,5.66666666666667,6.33333333333333,6.66666666666667,6.33333333333333,6.66666666666667,6.66666666666667,5.6,2,4,3,3,3,4,3,3.142857142857143
164,WBP165,4.33333333333333,5.66666666666667,5.61111111111111,6.33333333333333,7,5,5.33333333333333,6,2,2,3,2,2,2,2,2.142857142857143
165,WBP166,4.66666666666667,4.33333333333333,4.66666666666667,5.66666666666667,4.33333333333333,4.66666666666667,4.33333333333333,3.4,2,3,2,4,3,2,3,2.7142857142857144
166,WBP167,4.66666666666667,3.33333333333333,4.22222222222222,5.66666666666667,4,5.33333333333333,2.33333333333333,3.4,5,6,7,6,4,5,6,5.571428571428571
167,WBP168,5.66666666666667,5,5.27777777777778,6.33333333333333,4,6.66666666666667,4,4.4,3,4,2,3,3,3,3,3
168,WBP169,5,5.33333333333333,4.77777777777778,5,4.33333333333333,3,6,6.2,5,2,6,4,3,4,3,3.857142857142857
169,WBP170,5,1.33333333333333,3.38888888888889,5,3,2.33333333333333,3.66666666666667,2,2,3,2,2,2,2,2,2.142857142857143
170,WBP171,4.33333333333333,3.66666666666667,4.66666666666667,5.66666666666667,4.33333333333333,6.66666666666667,3.33333333333333,3,2,4,3,3,5,6,4,3.857142857142857
171,WBP172,5,6,5.05555555555556,5,3,5.33333333333333,6,5.8,2,5,3,4,4,3,3,3.4285714285714284
172,WBP173,5,5,4.66666666666667,5.66666666666667,3,4.66666666666667,4.66666666666667,5.8,4,5,6,3,4,5,4,4.428571428571429
173,WBP174,6.66666666666667,6.33333333333333,6.72222222222222,7,7,6.66666666666667,6.66666666666667,6.4,4,5,6,4,3,4,4,4.285714285714286
174,WBP175,5,2.33333333333333,4.11111111111111,6.66666666666667,4.66666666666667,3,3,1.8,2,1,6,3,2,3,2,2.7142857142857144
175,WBP176,3.66666666666667,3.33333333333333,3,5.66666666666667,2.33333333333333,2,1,2.8,1,2,2,2,2,2,1,1.7142857142857142
176,WBP177,5.33333333333333,1.33333333333333,4.22222222222222,5,5.66666666666667,4.66666666666667,3.33333333333333,3,2,3,2,2,3,2,2,2.2857142857142856
177,WBP178,5.66666666666667,5,5.27777777777778,5.33333333333333,5.33333333333333,5,5.33333333333333,4,2,4,3,4,3,2,3,3
178,WBP179,5,4.33333333333333,4.61111111111111,5.33333333333333,4.33333333333333,4.33333333333333,4.33333333333333,2.6,2,4,3,4,3,4,4,3.4285714285714284
179,WBP180,6,5.66666666666667,5.27777777777778,6.33333333333333,3.66666666666667,4,6,5.2,5,6,6,4,4,5,4,4.857142857142857
180,WBP181,6.66666666666667,5.33333333333333,5.38888888888889,4.33333333333333,4.33333333333333,6.33333333333333,5.33333333333333,5.6,5,3,6,4,6,4,5,4.714285714285714
181,WBP182,4,3.66666666666667,4.72222222222222,6,4.33333333333333,5.66666666666667,4.66666666666667,4.8,2,3,2,2,2,2,2,2.142857142857143
182,WBP183,4.33333333333333,4,4.11111111111111,4.66666666666667,5,2.66666666666667,4,3.6,4,3,6,5,7,5,6,5.142857142857143
183,WBP184,4.66666666666667,4.66666666666667,4.27777777777778,4.33333333333333,3.66666666666667,4,4.33333333333333,5,6,5,7,6,6,6,6,6
184,WBP185,3.66666666666667,3,3.66666666666667,2.66666666666667,6,3.66666666666667,3,4.6,3,4,2,3,2,3,3,2.857142857142857
185,WBP186,2.33333333333333,3.33333333333333,3.38888888888889,4,4.66666666666667,3.33333333333333,2.66666666666667,1.6,2,3,2,4,3,3,2,2.7142857142857144
186,WBP187,5,3.33333333333333,4.22222222222222,5,2.33333333333333,5.33333333333333,4.33333333333333,3.8,2,2,3,2,2,2,2,2.142857142857143
187,WBP188,4.66666666666667,4,3.83333333333333,4,3,4,3.33333333333333,2.8,3,5,2,4,3,4,3,3.4285714285714284
188,WBP189,7,7,5.38888888888889,3.33333333333333,2.66666666666667,6,6.33333333333333,6.4,6,5,7,6,4,5,6,5.571428571428571
189,WBP190,6,5,5.61111111111111,6.33333333333333,4,6.33333333333333,6,5.8,2,1,6,4,3,2,3,3
190,WBP191,5.66666666666667,6.33333333333333,5.66666666666667,6.33333333333333,5.66666666666667,5,5,4.6,2,5,3,4,3,2,3,3.142857142857143
191,WBP192,5,6,5.77777777777778,6,5.33333333333333,6.33333333333333,6,5.8,2,3,4,5,3,4,4,3.5714285714285716
192,WBP193,7,4,5.38888888888889,7,2.66666666666667,6.33333333333333,5.33333333333333,3.4,6,4,7,5,6,6,5,5.571428571428571
193,WBP194,3.66666666666667,5,3.94444444444444,4.33333333333333,2.33333333333333,4.33333333333333,4,2.6,2,1,2,1,2,2,2,1.7142857142857142
194,WBP195,4,4.33333333333333,4.83333333333333,5.66666666666667,4.66666666666667,5.33333333333333,5,5.6,3,2,5,4,3,4,3,3.4285714285714284
195,WBP196,6.33333333333333,4.66666666666667,4.88888888888889,6,3.66666666666667,4.66666666666667,4,4.6,6,3,7,5,5,6,6,5.428571428571429
196,WBP197,5,5.66666666666667,5.33333333333333,6.66666666666667,4,3.66666666666667,7,6.6,2,4,3,3,2,3,3,2.857142857142857
197,WBP198,5,5,4.55555555555556,4.33333333333333,4.33333333333333,4.33333333333333,4.33333333333333,4.6,4,3,6,3,2,4,3,3.5714285714285716
198,WBP199,5.66666666666667,6.33333333333333,5.94444444444444,5.33333333333333,6.33333333333333,5,7,6.4,2,4,3,2,3,4,3,3
199,WBP200,5.33333333333333,6,5.83333333333333,7,6.33333333333333,4,6.33333333333333,4,4,2,5,3,3,4,3,3.4285714285714284
200,WBP201,5.33333333333333,6,5.72222222222222,6,6,5.33333333333333,5.66666666666667,5.6,5,3,6,4,4,5,6,4.714285714285714
201,WBP202,6,6.66666666666667,6,7,5.66666666666667,5.66666666666667,5,4.6,5,6,4,4,4,5,5,4.714285714285714
202,WBP203,6.33333333333333,6.33333333333333,6.33333333333333,6.66666666666667,6.33333333333333,6,6.33333333333333,4.4,4,1,7,5,3,4,3,3.857142857142857
203,WBP204,7,7,6.61111111111111,6.66666666666667,7,5,7,7,3,5,4,4,3,3,4,3.7142857142857144
204,WBP205,6,2,4.88888888888889,6.66666666666667,6.33333333333333,5.66666666666667,2.66666666666667,1.4,3,5,2,4,3,3,4,3.4285714285714284
205,WBP206,5,4.33333333333333,4.83333333333333,4.33333333333333,5,5.66666666666667,4.66666666666667,4.6,4,3,5,4,4,4,4,4
206,WBP207,3.66666666666667,2.66666666666667,4,6.33333333333333,3.66666666666667,5,2.66666666666667,2.2,4,3,2,3,4,5,3,3.4285714285714284
207,WBP208,6.66666666666667,6.33333333333333,6.11111111111111,5.33333333333333,6.66666666666667,5.66666666666667,6,6.2,3,2,6,4,4,3,3,3.5714285714285716
208,WBP209,6,5.33333333333333,4.94444444444444,6,3.66666666666667,5,3.66666666666667,4.4,5,4,6,4,5,4,5,4.714285714285714
209,WBP210,5.66666666666667,4,5.22222222222222,6.33333333333333,4.33333333333333,5.66666666666667,5.33333333333333,3.8,2,3,2,2,3,2,3,2.4285714285714284
210,WBP211,6.33333333333333,3.33333333333333,4.55555555555556,5.66666666666667,4,3.66666666666667,4.33333333333333,4.2,6,4,7,5,6,7,5,5.714285714285714
211,WBP212,5.66666666666667,4.33333333333333,5.44444444444444,7,6,5.66666666666667,4,3,4,3,5,4,3,4,3,3.7142857142857144
212,WBP213,7,5,6.22222222222222,6.66666666666667,7,5.33333333333333,6.33333333333333,5,4,3,6,3,3,4,3,3.7142857142857144
213,WBP214,6.33333333333333,5.66666666666667,5.16666666666667,4,4.33333333333333,6,4.66666666666667,4.2,6,3,7,5,4,5,4,4.857142857142857
214,WBP215,5.66666666666667,3.33333333333333,5.5,7,6,6,5,4.4,3,4,2,3,3,3,2,2.857142857142857
215,WBP216,4.66666666666667,5.66666666666667,5.55555555555556,6.66666666666667,4.66666666666667,6,5.66666666666667,4.8,3,4,2,3,4,3,3,3.142857142857143
216,WBP217,5.33333333333333,4.33333333333333,4.83333333333333,4.33333333333333,5,5.33333333333333,4.66666666666667,3.6,3,5,2,4,4,3,4,3.5714285714285716
217,WBP218,5.66666666666667,6.33333333333333,5.66666666666667,6.33333333333333,3.66666666666667,5.66666666666667,6.33333333333333,6,5,4,6,5,4,5,4,4.714285714285714
218,WBP219,5,3,3.77777777777778,6,2.33333333333333,4.33333333333333,2,3,2,6,2,3,4,3,5,3.5714285714285716
219,WBP220,4.66666666666667,4.33333333333333,5.22222222222222,7,5.33333333333333,3.33333333333333,6.66666666666667,6.6,4,3,5,4,3,4,3,3.7142857142857144
220,WBP221,5.66666666666667,6,5.38888888888889,5.33333333333333,6,3.33333333333333,6,5.6,4,5,6,5,4,5,4,4.714285714285714
221,WBP222,4.66666666666667,5,4.44444444444444,4.33333333333333,3.33333333333333,4.33333333333333,5,5.8,2,3,2,3,2,2,3,2.4285714285714284
222,WBP223,6.66666666666667,4.66666666666667,5.27777777777778,6.33333333333333,3.66666666666667,5.66666666666667,4.66666666666667,4.4,6,5,7,5,6,6,5,5.714285714285714
223,WBP224,7,6.66666666666667,6.22222222222222,7,3.33333333333333,6.33333333333333,7,5.8,5,3,6,4,4,5,4,4.428571428571429
224,WBP225,7,3,4.05555555555556,4,2.66666666666667,5.33333333333333,2.33333333333333,1,2,2,4,3,5,4,3,3.2857142857142856
225,WBP226,5,5.33333333333333,5.5,6.33333333333333,4.66666666666667,5.66666666666667,6,5.2,3,4,6,5,2,3,4,3.857142857142857
226,WBP227,5,6.66666666666667,5.88888888888889,5.33333333333333,7,4.33333333333333,7,6.4,2,1,1,2,2,2,2,1.7142857142857142
227,WBP228,7,6.33333333333333,6.66666666666667,6.66666666666667,6.66666666666667,7,6.33333333333333,5.4,6,4,7,5,4,6,5,5.285714285714286
228,WBP229,6.33333333333333,2.66666666666667,3.94444444444444,6,2.33333333333333,3.66666666666667,2.66666666666667,1,4,3,6,5,4,5,4,4.428571428571429
229,WBP230,6,7,6.38888888888889,6,7,5.66666666666667,6.66666666666667,5.2,5,6,4,3,4,5,4,4.428571428571429
230,WBP231,6.66666666666667,6.33333333333333,6.77777777777778,7,7,6.66666666666667,7,6,2,3,4,3,2,3,2,2.7142857142857144
231,WBP232,6.33333333333333,2.33333333333333,4.27777777777778,5.66666666666667,1.33333333333333,6,4,4.2,4,2,5,3,3,4,3,3.4285714285714284
232,WBP233,4.33333333333333,4,4.05555555555556,4.33333333333333,3.66666666666667,3.66666666666667,4.33333333333333,5.4,6,5,7,6,6,6,6,6
233,WBP234,5,5,5.44444444444444,6,6.66666666666667,5,5,6.2,2,3,4,3,2,3,3,2.857142857142857
234,WBP235,6.33333333333333,5.66666666666667,5.22222222222222,4.66666666666667,4,4.66666666666667,6,5.4,5,2,7,6,4,6,5,5
235,WBP236,5.66666666666667,6.33333333333333,6.11111111111111,6.66666666666667,6,5.33333333333333,6.66666666666667,5.6,5,6,7,6,5,6,5,5.714285714285714
236,WBP237,4.33333333333333,4.33333333333333,4.44444444444444,5.66666666666667,3.66666666666667,3.66666666666667,5,6.2,2,2,1,1,1,1,1,1.2857142857142858
237,WBP238,6.66666666666667,5.66666666666667,6.11111111111111,7,5.33333333333333,6,6,5.4,5,6,7,4,4,5,5,5.142857142857143
238,WBP239,5,5,4.44444444444444,4.66666666666667,4,3,5,6.6,2,5,3,4,3,4,3,3.4285714285714284
239,WBP240,5.33333333333333,4.66666666666667,5.27777777777778,7,4.33333333333333,4.66666666666667,5.66666666666667,5.8,2,3,5,4,3,2,3,3.142857142857143
240,WBP241,6,4,5.55555555555556,6.33333333333333,5,6.33333333333333,5.66666666666667,5.4,3,5,4,4,3,4,4,3.857142857142857
241,WBP242,5.66666666666667,6.33333333333333,6.27777777777778,6.66666666666667,6.66666666666667,5.33333333333333,7,5.8,2,4,3,2,3,3,3,2.857142857142857
242,WBP243,6,6.66666666666667,6.27777777777778,6,5.66666666666667,7,6.33333333333333,5.6,4,3,5,3,2,3,4,3.4285714285714284
243,WBP244,6.33333333333333,6.33333333333333,5,5,4,3.66666666666667,4.66666666666667,5.2,5,4,6,4,3,4,4,4.285714285714286
244,WBP245,5.66666666666667,5.33333333333333,5.38888888888889,6,3,6,6.33333333333333,3.8,4,3,6,5,3,5,4,4.285714285714286
245,WBP246,5,4,4.88888888888889,4.66666666666667,5.66666666666667,6.66666666666667,3.33333333333333,2.6,4,2,5,3,3,4,3,3.4285714285714284
246,WBP247,6,6.33333333333333,5.83333333333333,6.66666666666667,4.66666666666667,5.66666666666667,5.66666666666667,5.2,5,6,6,4,4,5,5,5
247,WBP248,6.33333333333333,5.66666666666667,5.72222222222222,6.66666666666667,5.33333333333333,5.66666666666667,4.66666666666667,3.2,5,3,6,4,4,5,4,4.428571428571429
248,WBP249,7,6.66666666666667,6.38888888888889,7,5.66666666666667,5.33333333333333,6.66666666666667,6.8,4,5,6,3,5,4,4,4.428571428571429
249,WBP250,6.33333333333333,1.33333333333333,4.66666666666667,5.66666666666667,6.66666666666667,5,3,1.6,3,4,5,2,3,4,3,3.4285714285714284
250,WBP251,3.33333333333333,4.66666666666667,3.88888888888889,5,3,4,3.33333333333333,5,4,3,5,3,3,4,4,3.7142857142857144
251,WBP252,4.66666666666667,5,4.94444444444444,6,3.33333333333333,6,4.66666666666667,4.2,4,5,6,4,6,5,5,5
252,WBP253,4.33333333333333,5,4.88888888888889,4.66666666666667,3.66666666666667,6,5.66666666666667,2.6,3,4,2,3,4,3,3,3.142857142857143
253,WBP254,5,6.66666666666667,5.61111111111111,5,5.33333333333333,5,6.66666666666667,6,5,3,6,4,4,5,4,4.428571428571429
254,WBP255,3.66666666666667,4.33333333333333,4.77777777777778,5.33333333333333,5.33333333333333,5.33333333333333,4.66666666666667,4.6,3,4,5,4,4,3,4,3.857142857142857
255,WBP256,4.66666666666667,6.33333333333333,5.83333333333333,6.33333333333333,4.33333333333333,6.33333333333333,7,3.2,3,4,5,2,4,3,3,3.4285714285714284
256,WBP257,5.66666666666667,6,5.88888888888889,5.66666666666667,6,5.66666666666667,6.33333333333333,4.4,6,5,7,6,6,6,5,5.857142857142857
257,WBP258,5.33333333333333,6,6.11111111111111,6.33333333333333,6.33333333333333,6.33333333333333,6.33333333333333,5.6,5,2,7,6,4,6,5,5
258,WBP259,5.33333333333333,6.66666666666667,6.22222222222222,7,6.66666666666667,4.66666666666667,7,5.6,2,4,3,2,4,3,3,3
259,WBP260,4,6.66666666666667,6.11111111111111,7,7,5,7,6,6,6,5,5,6,6,6,5.714285714285714
260,WBP261,5.66666666666667,4,5.44444444444444,6.66666666666667,5.66666666666667,6,4.66666666666667,3,2,3,2,2,3,3,2,2.4285714285714284
261,WBP262,4.66666666666667,6.66666666666667,6.38888888888889,6.33333333333333,7,7,6.66666666666667,7,6,3,7,5,6,6,6,5.571428571428571
262,WBP263,3.66666666666667,5.66666666666667,5.05555555555556,5.66666666666667,5,4.33333333333333,6,6.4,3,4,2,3,4,3,3,3.142857142857143
263,WBP264,5,5,5.16666666666667,5.66666666666667,7,2,6.33333333333333,6.6,5,3,6,4,4,5,4,4.428571428571429
264,WBP265,4.66666666666667,5.66666666666667,5.27777777777778,5.66666666666667,5,5.66666666666667,5,4.2,4,3,5,4,4,4,4,4
265,WBP266,4.66666666666667,7,6.16666666666667,6.33333333333333,7,5,7,6.2,5,4,6,4,5,6,5,5
266,WBP267,4.33333333333333,4.33333333333333,4.55555555555556,5.33333333333333,3,4.66666666666667,5.66666666666667,4.6,3,5,4,4,3,4,3,3.7142857142857144
267,WBP268,5.33333333333333,5,5.38888888888889,6.66666666666667,5.33333333333333,4,6,3.8,2,3,2,3,2,2,3,2.4285714285714284
268,WBP269,6.66666666666667,6,6.11111111111111,6.66666666666667,6,5,6.33333333333333,4,5,3,6,4,4,5,4,4.428571428571429
269,WBP270,5,4.66666666666667,4.27777777777778,5.33333333333333,3,3,4.66666666666667,6,4,5,6,4,5,5,4,4.714285714285714
270,WBP271,6,5.33333333333333,5.16666666666667,5.66666666666667,5,3.66666666666667,5.33333333333333,4.4,5,6,6,4,5,5,4,5
271,WBP272,6,3,3.61111111111111,4.66666666666667,4,1.66666666666667,2.33333333333333,2,6,4,7,5,6,6,5,5.571428571428571
272,WBP273,5,4.33333333333333,4.38888888888889,4.66666666666667,4.33333333333333,3.66666666666667,4.33333333333333,6,4,5,3,4,4,4,4,4
273,WBP274,4.33333333333333,4,4.22222222222222,5,3.66666666666667,3.66666666666667,4.66666666666667,6.2,5,3,6,4,4,5,4,4.428571428571429
274,WBP275,7,6,5.88888888888889,5.66666666666667,5,5.33333333333333,6.33333333333333,5.8,6,3,7,5,4,6,5,5.142857142857143
275,WBP276,4.66666666666667,5,5.16666666666667,5.33333333333333,5.66666666666667,3.33333333333333,7,6,5,2,6,4,4,6,5,4.571428571428571
276,WBP277,3.33333333333333,5,5,6,4.33333333333333,5,6.33333333333333,4.4,5,4,6,5,4,5,4,4.714285714285714
277,WBP278,5,5.33333333333333,5.16666666666667,5,5.33333333333333,5,5.33333333333333,4.8,5,6,6,5,6,6,5,5.571428571428571
278,WBP279,4.33333333333333,4.33333333333333,5.05555555555556,6,4.66666666666667,5.33333333333333,5.66666666666667,1.6,5,3,6,4,4,4,4,4.285714285714286
279,WBP280,4.66666666666667,5,5.11111111111111,5,5.66666666666667,4.66666666666667,5.66666666666667,5.8,5,6,6,5,6,5,5,5.428571428571429
280,WBP281,3.33333333333333,1.33333333333333,2.44444444444444,3.33333333333333,2.66666666666667,3,1,2,2,3,2,3,2,3,3,2.5714285714285716
281,WBP282,7,7,5.88888888888889,7,5,2.33333333333333,7,7,5,6,4,4,4,5,5,4.714285714285714
282,WBP283,3.33333333333333,4,3.27777777777778,3.33333333333333,3.33333333333333,3,2.66666666666667,5.6,3,4,2,3,3,3,3,3
283,WBP284,5.66666666666667,5.33333333333333,5.61111111111111,6.33333333333333,5.33333333333333,5,6,4.4,5,6,4,4,5,6,5,5
284,WBP285,4,4.66666666666667,5.16666666666667,4.66666666666667,6,6.66666666666667,5,3.2,3,5,2,4,4,3,4,3.5714285714285716
